TranslatedRecipeName,TranslatedIngredients
Gongura Chicken Curry Recipe - Andhra Style Gongura Chicken,"1/2 teaspoon Turmeric powder (Haldi),1 tablespoon Coriander (Dhania) Seeds,4 Dry Red Chillies,1 teaspoon Sesame (Gingelly) Oil,4 cloves Garlic,1 teaspoon Garam masala powder,Salt - to taste,2 tablespoon Sesame (Gingelly) Oil,4 Green Chillies - slit,500 grams Chicken,6 cloves Garlic - finely chopped,1 teaspoon Fennel seeds (Saunf),2 Onion - chopped,2 cups Sorrel Leaves (Gongura) - picked and chopped,1/4 teaspoon Methi Seeds (Fenugreek Seeds),1 inch Ginger - finely chopped,1 Tomato - chopped"
Spicy Seafood Stew Casserole With Tomatoes And Lime Recipe,"2 Carrots (Gajjar),1 tablespoon Lemon juice,1 tablespoon Extra Virgin Olive Oil,5 Baby Potatoes,1 teaspoon Cumin powder (Jeera),1 Tomato,4 tablespoon Coriander (Dhania) Leaves,Salt - to taste,1 cup Chicken stock,5 cloves Garlic,250 grams Prawns,250 grams Fish fillet - basa,1/4 cup Coconut milk,2 Fresh Red chillies,1 Onion,15 Clamps,2 teaspoon Paprika powder,1 teaspoon Black pepper powder"
Singapore Style Chicken Layered Fried Rice Recipe,"2 Spring Onion Greens - finely chopped,1 teaspoon Chinese 5 Spice Powder,1 teaspoon White pepper powder,1 tablespoon Sweet and Spicy Red Chilli Sauce (Tomato Chilli Sauce),1 tablespoon Vinegar,1 Carrots (Gajjar) - cubed,1/2 cup Classic Mayonnaise (With Egg),1 tablespoon Red Chilli sauce,1 Green Bell Pepper (Capsicum) - sliced,2 tablespoons Tomato Ketchup,1/2 teaspoon Cumin powder (Jeera),2 tablespoons Red Chilli sauce,2 cups Rice - soaked for 10 minutes,Salt - to taste,1 Spring Onion (Bulb & Greens) - chopped,1 tablespoon Lemon juice,3 teaspoons Sunflower Oil,2 Green Chillies - slit and roasted,1 teaspoon Garlic - minced,1 tablespoons Soy sauce,1/2 teaspoon Red Chilli powder,1 tablespoons Garlic - crushed,300 grams Boneless chicken - cut into 1/2 inch cubed,1 tablespoons Ginger - crushed,1 Onions - cubed,2 Green Chillies - chopped,250 grams Egg noodles - boiled and tossed in a teaspoon oil,1 teaspoon Black pepper powder"
PF Chang's Style Crispy Chicken Lettuce Wraps Recipe,"1 Chicken breasts - cut into 1 cm cubes,2 teaspoons Sunflower Oil,2 teaspoons Garlic - finely chopped,Salt - to taste,1/4 cup Spring Onion (Bulb & Greens) - finely chopped,1/4 cup Button mushrooms - finely chopped,1 teaspoon Soy sauce,1 teaspoon Chilli vinegar,1 teaspoon Sweet and Spicy Red Chilli Sauce (Tomato Chilli Sauce),1 Iceberg lettuce,1 teaspoon Red Chilli sauce,1 teaspoon Black pepper powder"
One Pot Pressure Cooker Chicken Curry Recipe - One Pot Pressure Cooker Chicken Curry Recipe," 1 teaspoon red chilli powder, 1 onion - finely chopped, 1 teaspoon coriander powder, 1/2 tsp turmeric powder, 2 cups water, 1 sprig curry leaves, salt - as per taste, 2 tomatoes - finely chopped, 1 inch ginger - finely chopped, 1 teaspoon garam masala powder,1 tsp coconut oil, 300 grams chicken breast - cut, 4 long garlic - finely chopped"
Chicken Shawarma Recipe,"2 cup Whole Wheat Flour,2 tablespoon Extra Virgin Olive Oil,1 teaspoon Cumin powder (Jeera),1 Onion - chopped,1 tablespoon Ginger Garlic Paste,1/4 teaspoon Turmeric powder (Haldi),1 Tomato - pulp removed and julienned,1 tablespoon Active dry yeast,1 tablespoon Sugar,Salt - to taste,1/2 cup Milk,1 Carrot (Gajjar) - cut into julienne,2 tablespoon Red Chilli powder,1 cup Homemade Hummus,2 tablespoon Coriander Powder (Dhania),1 cup Tzatziki,1 teaspoon Sugar,1/4 cup Chilli vinegar,1 teaspoon Black pepper powder,1 Cucumber - cut into julienne,1 Chicken breasts - cut into thin strips,1 teaspoon Salt"
Indo Chinese Crispy Chicken Chilli Recipe,"Water - as required,2 Green Chillies - slit,1-1/2 tablespoon Corn flour,1 tablespoon Ginger - minced,1 tablespoon Red Chilli sauce,1 Green Bell Pepper (Capsicum) - sliced,Sunflower Oil - as required,2 tablespoons Garlic - minced,1 tablespoon Soy sauce,Salt - to taste,1/2 teaspoon Soy sauce,1/2 teaspoon Black pepper powder,1/2 teaspoon Vinegar,1 Onion - sliced,Salt - as required,1 teaspoon Corn flour,1/2 teaspoon Green Chilli Sauce,1 tablespoon Roasted tomato pasta sauce,1/2 teaspoon Red Chilli sauce,2-1/2 tablespoons All Purpose Flour (Maida),250 grams Chicken - cut into medium sized pieces"
"Chicken Sausages, Baked Beans and Stir Fried Broccoli Recipe","250 grams Dry beans - (such as cannellini or soya beans),1 teaspoon Cumin powder (Jeera),1 cup Broccoli - cut into small florets,1 teaspoon Dried Thyme Leaves,1 teaspoon Butter,Salt - to taste,1/4 teaspoon Red Chilli powder - or cayenne pepper,Salt and Pepper - ,1 Onion - finely chopped,2 cloves Garlic - chopped,2 Chicken sausage,1 teaspoon Extra Virgin Olive Oil,1 clove Garlic - grated,1 tablespoon Honey - or more to taste,Black pepper powder - for seasoning,500 grams Tomatoes - pureed,1 teaspoon Dried oregano"
Turkish Chicken Gozleme Recipe-Stuffed Spinach Chicken Bread,"1 tablespoon Coriander Powder (Dhania),1/4 cup Hung Curd (Greek Yogurt),3 sprig Mint Leaves (Pudina) - chopped,Salt - to taste,1 Tomatoes - finely chopped,1/2 cup Whole Wheat Flour,4 cloves Garlic - finely chopped,1 1/2 teaspoon Paprika powder,100 grams Feta Cheese - crumbled,1 Onion - finely chopped,250 grams Chicken - minced,1 cup Spinach Leaves (Palak) - finely chopped,1/2 cup All Purpose Flour (Maida),1 tablespoon Cumin powder (Jeera),10 sprig Spring Onion (Bulb & Greens) - chopped,1 teaspoon Black pepper powder"
Tomato Chicken Roast Recipe Flavoured With Kasuri Methi,"1 teaspoon Kashmiri Red Chilli Powder,1 Onion - diced,3 teaspoons Sunflower Oil,1 teaspoon Garam masala powder,Salt - to taste,1 inch Ginger - grated,2 teaspoon Kasuri Methi (Dried Fenugreek Leaves),1 teaspoon Coriander Powder (Dhania),10 cloves Garlic - chopped,500 grams Chicken thighs - skinless and boneless,1/3 cup Coriander (Dhania) Leaves - chopped,6 Tomatoes - desseded,3 Green Chillies - slit,1/4 teaspoon Turmeric powder (Haldi)"
Chettinad Dry Pepper Chicken Recipe,"1/2 teaspoon Turmeric powder (Haldi),1 tablespoon Coriander Powder (Dhania),Water - as required,2 sprig Curry leaves,1 Tomato,Salt - to taste,Coriander (Dhania) Leaves - for garnish,1 teaspoon Cumin powder (Jeera) - roasted,2-1/2 tablespoon Black pepper powder,1 teaspoon Fennel Powder - roasted,500 grams Chicken - (chicken with bones gives better taste),1 tablespoon Ginger Garlic Paste,1 Onion,Sunflower Oil - as required"
Green Chilli Chicken Fry Recipe - Green Chilli Chicken Fry Recipe," Salt - as per taste,500 grams of chicken - cut it, 2 inch ginger, 2 onions, 1 tbsp coriander powder, water - as per use, 7 cloves garlic, 18 green chillies - can also reduce, 1 inch cinnamon, 4 long, 2 tablespoons green coriander, 2 tsp oil, 3 tomatoes, 1/2 lemon"
Goan Chicken Vindaloo Recipe,"1/2 teaspoon Salt - or to taste,1/2 tablespoon Mustard seeds,2 Onions - chopped,1 teaspoon Jaggery,1 Tomato - chopped,Salt - to taste,1/2 teaspoon Methi Seeds (Fenugreek Seeds),1 tablespoon Tamarind - washed and soaked in hot water.,1/2 inch Ginger,1/2 tablespoon Black pepper corns,2 Green Chillies - chopped,1 tablespoon Sunflower Oil,5 Kashmiri dry red chilli,3 Cloves (Laung),8 cloves Garlic,1/2 teaspoon Turmeric powder (Haldi),1 tablespoon Coriander (Dhania) Seeds,Coriander (Dhania) Leaves - as required,1 inch Cinnamon Stick (Dalchini),1 teaspoon Cumin seeds (Jeera),4 tablespoon Vinegar,500 grams Chicken - cut into curry cut pieces,1 teaspoon Sunflower Oil,1/4 cup Homemade tomato puree"
Tomato Basil Chicken Recipe,"1/4 cup Basil leaves - fresh leaves,2 teaspoons Extra Virgin Olive Oil,2 teaspoons Mixed Herbs (Dried),1 tablespoon Mixed Herbs (Dried),2 Chicken breasts,10 cloves Garlic - finely chopped,Salt - to taste,Sugar - to taste,1 sprig Basil leaves - finely chopped,1 teaspoon Red Chilli powder,2 tablespoons Extra Virgin Olive Oil,1 Onion - finely chopped,3 cups Homemade tomato puree,3 tablespoons Lemon juice"
Andhra Style Chicken Fry Recipe,"1 tablespoon Garam masala powder,1/2 teaspoon Turmeric powder (Haldi),1 tablespoon Black pepper powder,1/2 tablespoon Coriander Powder (Dhania) - coarsely grounded,2 sprig Curry leaves,Sunflower Oil - or ghee as required,Salt - to taste,1/2 cup Hung Curd (Greek Yogurt),1 Chicken breasts - cubed,1 teaspoon Red Chilli powder,1/2 tablespoon Ginger Garlic Paste,1 Onion - chopped,3 Green Chillies - chopped,1 teaspoon Fennel seeds (Saunf),2 Tomatoes - cubed,1/2 tablespoon Kashmiri Red Chilli Powder"
Mexican Salsa Chicken With Italian Cream Cheese Recipe,"Salt - to taste,1/2 teaspoon Garlic - minced,1 teaspoon Lemon juice,1 teaspoon Rock Salt,1 Onion - chopped,1 cup Penne pasta - optional,1 Pickled Jalapenos - deseeded,250 gram Britannia Cream Cheese,1/2 cup Coriander (Dhania) Leaves,200 grams Boneless chicken,100 grams Butter,3/4 cup Milk,1 cloves Garlic - chopped,1/2 teaspoon Sugar,4 Tomatoes - chopped,50 grams Mozzarella cheese,1 teaspoon Black pepper powder"
Chicken Chilli Cheese Quesadillas Recipe,"1 Onion - sliced,Salt - as required,6 Tortillas,1 tablespoon Chipotle sauce,1 teaspoon Butter,1 teaspoon Lemon juice,2 teaspoons Roasted tomato pasta sauce,1 cup Cheddar cheese - shredded,1/2 teaspoon Black pepper powder - crushed,250 grams Boneless chicken,1/2 cup Sweet corn,1 Green Bell Pepper (Capsicum) - sliced"
Kachi Tikya Recipe  - Chicken In Tomato Gravy With Potatoes,"4 Tomatoes - finely chopped,1 kg Chicken - minced,2 tablespoon Red Chilli powder - adjustable,4 Potatoes (Aloo),1 teaspoon Garam masala powder,1 tablespoon Cumin seeds (Jeera),1 Whole Egg,2 Onion - finely chopped,10 Green Chillies,1/2 cup Sunflower Oil,Salt - as per taste,1/4 teaspoon Mace powder,1 tablespoon Ginger Garlic Paste,3 tablespoon Coriander (Dhania) Leaves,2 tablespoon Cumin powder (Jeera)"
Kashmiri Style Yakhni Pulao With Chicken Recipe,"1/2 Tomato - chopped,1/2 teaspoon Cloves (Laung),2 Black cardamom (Badi Elaichi),1 teaspoon Coriander (Dhania) Seeds,1/2 cup Curd (Dahi / Yogurt),1 Mace (Javitri),3 cups Water,1-1/2 teaspoon Fennel seeds (Saunf) - ground,1 Onion - thinly sliced,2 inch Ginger,1/2 teaspoon Whole Black Peppercorns,1 teaspoon Garam masala powder,2 Cardamom (Elaichi) Pods/Seeds,Salt - as required,1/2 teaspoon Coriander Powder (Dhania),1-1/2 teaspoons Ginger Garlic Paste,2 inch Cinnamon Stick (Dalchini),1/2 teaspoon Red Chilli powder,1 teaspoon Cumin seeds (Jeera),1 pinch Nutmeg powder,2 cups Basmati rice - soaked in water for at least half an hour,500 grams Chicken - cut into pieces,1 Bay leaf (tej patta),1/2 Onion - cut in two pieces,6 cloves Garlic"
Garfield's Lasagna Recipe With Minced Meat And Italian Spices,"150 grams Parmesan cheese - grated,1 tablespoon Garlic - crushed,1/4 teaspoon Black pepper powder,200 grams Mozzarella cheese - shredded,Salt - to taste,1/2 kg Chicken - minced or mutton,200 grams Button mushrooms - quartered and lightly sautéed,2 Onions - chopped fine,9 Lasagna sheets,1 teaspoon Mixed Herbs (Dried),4 sprig Basil leaves,4 tablespoons Homemade Pizza And Pasta Sauce,200 ml Extra Virgin Olive Oil,4 Tomatoes - pureed or from a can,2 Whole Eggs,3 Brinjal (Baingan / Eggplant),1 teaspoon Dried oregano"
Grilled Chicken With Vegetables Recipe,"1 Onion - sliced,1 tablespoon Extra Virgin Olive Oil,4 Broccoli - florets,6 Cherry tomatoes,Salt - to taste,4 Garlic - pounded,1 Red Bell pepper (Capsicum) - chopped,1 Green Bell Pepper (Capsicum) - chopped,1 teaspoon Whole Black Peppercorns - crushed,1-1/2 teaspoon Mixed Herbs (Dried),4 Baby corn,250 grams Chicken breasts,1-1/2 teaspoon Dried basil leaves,1-1/2 teaspoon Red Chilli flakes,Ginger Garlic Paste - as required,1-1/2 tablespoon Extra Virgin Olive Oil"
Ambur Star Chicken Biryani Recipe,"3 teaspoons Red Chilli powder,3 Onions - sliced,Salt - to taste,2 Cardamom (Elaichi) Pods/Seeds,1 clove Cloves (Laung),4 cloves Garlic - finely chopped,4 tablespoons Sunflower Oil,1 Cinnamon Stick (Dalchini),1/4 cup Mint Leaves (Pudina) - roughly torn,2 inch Ginger - finely chopped,1 tablespoon Ghee,1 Bay leaf (tej patta),500 grams Seeraga (Jeeraga) Samba rice - washed and soaked,500 grams Chicken - cleaned and washed,2 Tomatoes - chopped,2 teaspoons Coriander Powder (Dhania),1 Star anise,3 tablespoons Curd (Dahi / Yogurt)"
Kerala Chicken Roast Recipe,"1 teaspoon Kashmiri Red Chilli Powder,1/2 teaspoon Fennel Powder,2 sprig Curry leaves,Salt - to taste,1 teaspoon Garam masala powder,1 teaspoon Lemon juice,1 tablespoon Ginger - finely chopped,500 grams Chicken,2-1/2 teaspoons Coriander Powder (Dhania),3 Onions - thinly sliced,1-1/2 teaspoons Kashmiri Red Chilli Powder,1/4 teaspoon Turmeric powder (Haldi),3 Tomatoes - thinly sliced,2 tablespoons Coconut Oil - as required,1 tablespoon Garlic - finely chopped"
Tamil Nadu Style Chicken Salna Recipe,"1 tablespoon Garam masala powder,1/2 teaspoon Turmeric powder (Haldi),Sunflower Oil,1/4 cup Fresh coconut,1 inch Ginger - chopped,Salt - to taste,1 inch Cinnamon Stick (Dalchini),4 Cloves (Laung),2 teaspoon Fennel seeds (Saunf),500 grams Chicken - boneless or with bone,2 Onion - chopped,2 Tomatoes - chopped,4 cloves Garlic - chopped,2 teaspoon Red Chilli powder,1 Star anise,1 sprig Curry leaves,1 teaspoon Whole Black Peppercorns"
Chicken Keema Paratha Recipe - Minced Chicken Flat Bread,"Ghee - for cooking,1/2 teaspoon Turmeric powder (Haldi),1 teaspoon Garam masala powder,1/2 teaspoon Amchur (Dry Mango Powder),1 Tomato - finely chopped,Salt - to taste,4 cloves Garlic - finely chopped,1 teaspoon Coriander Powder (Dhania),1/4 cup Mint Leaves (Pudina) - chopped,2 Green Chillies - finely chopped,1 Onion - finely chopped,1 Chicken breasts - roughly chopped,1 tablespoon Sunflower Oil,2 cups Whole Wheat Flour,1 teaspoon Sunflower Oil,1/2 teaspoon Red Chilli powder,1 teaspoon Salt"
Chicken And Shrimp Bánh Xèo Recipe  -Vietnamese Stuffed Crepe,"1 teaspoon Cumin powder (Jeera),Chilled water - as required,1 teaspoon Lemon juice,1 teaspoon Red Chilli powder,1 tablespoon Extra Virgin Olive Oil,2 teaspoons Ginger Garlic Paste,Salt - to taste,1 teaspoon Garam masala powder,1 cup Rice flour,1/2 teaspoon Sugar,3 tablespoons Roasted tomato pasta sauce,1 tablespoon Lemon juice,2-3 tablespoons Sunflower Oil,150 gram Shrimps - peeled and deveined,1/2 teaspoon Black pepper powder - freshly ground,1 cup Coriander (Dhania) Leaves - chopped,1 teaspoon Extra Virgin Olive Oil,1 Green Bell Pepper (Capsicum) - julienned,1 Carrots (Gajjar) - julienned,1/2 teaspoon Turmeric powder (Haldi),1 Cucumber - julienned,1/2 teaspoon Salt,300 gram Chicken breasts - cut into the pieces,1 Onion - julienned,1 cup Coconut milk"
Kadai Chicken Recipe - Chicken Cooked With Onion And Capsicum,"1 Onion - sliced,1 Onion - diced,Sunflower Oil,1 Green Bell Pepper (Capsicum) - diced,2 Dry Red Chilli,1 inch Ginger - chopped,1 cup Homemade tomato puree,1 teaspoon Cumin seeds (Jeera),300 grams Chicken breasts - cut into chunks,2 teaspoon Garam masala powder,Salt - to taste,2 sprig Coriander (Dhania) Leaves - chopped,1 tablespoon Fresh cream,1/4 teaspoon Turmeric powder (Haldi),4 cloves Garlic - chopped,2 teaspoons Red Chilli powder"
Chicken Manchurian Dry Recipe,"8 cloves Garlic - finely chopped,1 Onion - sliced,1 tablespoon Brown Sugar (Demerara Sugar),Sunflower Oil - as required to deep fry,Salt - to taste,2 Spring Onion Greens - finely chopped,1 Whole Egg,2 tablespoons Sesame (Gingelly) Oil,1 tablespoon Tomato Ketchup,2 inch Ginger - finely chopped,400 grams Chicken breasts - boneless,1 tablespoon Corn flour,1 tablespoon Vinegar,2 tablespoons Soy sauce,1 tablespoon Red Chilli sauce,2 Green Chillies - sliced"
Lebanese Style Shish Tawook Recipe - Grilled Chicken Skewers,"1 teaspoon Black pepper powder - ground,1-1/2 tablespoons Paprika powder,1/4 cup Hung Curd (Greek Yogurt),4 cloves Garlic - minced,1 tablespoon Dried oregano,2 tablespoon Extra Virgin Olive Oil,Salt - to taste,500 grams Boneless chicken,1 teaspoon Ginger - grated,1 Lemon juice,1 Onion - as required,1 teaspoon Tomato Ketchup,1 Green Bell Pepper (Capsicum) - as required,1 teaspoon Dried Thyme Leaves"
Chicken Burrito Recipe,"1/2 Red Bell pepper (Capsicum),1 tablespoon Paprika powder,1 tablespoon Dried Thyme Leaves,1 Onion - chopped,1/2 Green Bell Pepper (Capsicum),1/2 Yellow Bell Pepper (Capsicum),300 grams Chicken - cut into stripes,1/2 cup Rajma (Large Kidney Beans) - soaked and boiled,2 teaspoon Paprika powder,1 Tomato - chopped,1/2 teaspoon Cinnamon Powder (Dalchini),1 tablespoon Red Chilli powder,Salt - to taste,2 Tortillas,1 cup Sour cream,4 cloves Garlic - chopped,1 Onion - sliced,1 inch Ginger - chopped,1/4 cup Cheese - grated,1/4 cup Cooked rice,1 teaspoon Sugar,1/2 teaspoon Turmeric powder (Haldi),1 cup Tomato Salsa,1 tablespoon Cumin powder (Jeera),1 teaspoon Black pepper powder,1/2 Onion"
Posto Chicken Recipe - Bengali Chicken In Poppy Seed Paste,"750 grams Chicken - cut into small pieces.,1 Tomato - finely chopped,1 teaspoon Red Chilli powder,1 teaspoon Mustard oil,1/4 teaspoon Turmeric powder (Haldi),2 teaspoon Ginger - paste,4 tablespoons Mustard oil,Salt - to taste,4 Green Chillies,1 tablespoon Lemon juice,6 tablespoon Poppy seeds - soaked in 1/2 cup in water,2 Onion - finely chopped,2 teaspoon Garlic - paste,1 inch Ginger - peeled,4 Cardamom (Elaichi) Pods/Seeds,1 inch Cinnamon Stick (Dalchini),1/2 teaspoon Garam masala powder,1 teaspoon Fennel seeds (Saunf),1 Bay leaf (tej patta),4 Cloves (Laung),6 cloves Garlic"
Bhut Jolokia Murgh Recipe,"1-1/2 teaspoons Turmeric powder (Haldi),1 teaspoon Kashmiri Red Chilli Powder,1 tablespoon Coriander Powder (Dhania),1 inch Ginger - chopped,Salt - to taste,1 Ghost chilli peppers (bhut jolokia) - soaked in 1/2 cup water,2 teaspoons Garam masala powder,3 tablespoons Homemade tomato puree,2 tablespoons Coriander (Dhania) Leaves - chopped,500 grams Chicken - cut into medium pieces,2 tablespoons Ghee,1 tablespoon Ghee,2 Onion - sliced and fried,4 cloves Garlic - chopped,2 teaspoons Cumin powder (Jeera)"
Chicken Tomato Macaroni Recipe- Pasta with Indian Masalas,"2 Green Chillies,1/2 teaspoon Turmeric powder (Haldi),Salt - to taste,1 teaspoon Garam masala powder,1 Onion - finely chopped,100 grams Tomato - paste,1 teaspoon Fennel seeds (Saunf),5-8 Green Chillies - finely chopped,Sunflower Oil - to cook,1 tablespoon Ginger Garlic Paste,750 grams Chicken - cut into small pieces,2 tablespoons Sunflower Oil,8 Dry Red Chillies,400 grams Macaroni pasta,1 tablespoon Coriander (Dhania) Leaves - chopped"
Chicken Taquitos Recipe - A Classic Mexican Appetizer,"1 teaspoon Sugar,Salt - salt to taste,1/3 cup Onions - finely chopped,4 Tomatoes,2 teaspoons Tabasco Original - Hot Sauce,1 tablespoon Extra Virgin Olive Oil,Salt - to taste,300 grams Chicken breasts - cut into small strips,1/2 cup Cheddar cheese - grated,3/4 cup All Purpose Flour (Maida),Coriander (Dhania) Leaves - a small bunch finely chopped,1 cup Makki Ka Atta (Yellow Corn Meal Flour),1 Green Chillies - finely chopped,6 cloves Garlic - chopped,2 tablespoons Taco seasoning,1/4 teaspoon Cumin powder (Jeera),Water - water as required,1/4 cup Homemade tomato puree"
Chicken In Tomato Onion Gravy Recipe,"2 Green Chillies,2 teaspoons Ginger Garlic Paste,3 Tomatoes - deseeded,1/2 Lemon - juiced,1 tablespoon Chicken masala,Salt - to taste,Coriander (Dhania) Leaves - chopped,2 Onions - roughly chopped,500 grams Chicken - chopped to bite size,Sunflower Oil - to cook,1 tablespoon Curd (Dahi / Yogurt)"
Chicken Mapas Recipe - Chicken in Coconut Milk Curry,"Curry leaves - handful,1 inch Ginger - crushed,1/2 teaspoon Turmeric powder (Haldi),2 cups Coconut milk,Salt - to taste,1 teaspoon Red Chilli powder,2 Green Chillies - slit,2 Onions - sliced,1/2 teaspoon Garam masala powder,2 teaspoon Coriander Powder (Dhania),5 cloves Garlic - crushed,2 teaspoon Coconut Oil,500 grams Chicken - cut to bite size,1 Tomato - chopped"
Chicken Tariwala Recipe - Punjabi Murgh Tariwala Recipe,"1 teaspoon Cumin powder (Jeera),1 teaspoon Lemon juice,1 teaspoon Red Chilli powder,1 teaspoon Coriander Powder (Dhania),1 Cloves (Laung),1 teaspoon Garam masala powder,Salt - to taste,2 Onions - roughly chopped,1/2 cup Homemade tomato puree,1 inch Ginger - roughly chopped,1/2 inch Cinnamon Stick (Dalchini) - ½ inch cinnamon,1 tablespoon Sunflower Oil,2 Green Chillies - roughly chopped,1 Black cardamom (Badi Elaichi),2 tablespoons Curd (Dahi / Yogurt),1/2 teaspoon Turmeric powder (Haldi),5 cloves Garlic,1/2 teaspoon Red Chilli Paste,1 Bay leaf (tej patta),1 Star anise,300 grams Chicken - small curry cut pieces"
Murg Anardana Recipe - Pomegranate Chicken In Yogurt Gravy,"1 tablespoon Red Chilli powder,1/2 tablespoon Khuskhus - ground to paste,4 tablespoons Cashew nuts - ground to paste (we need 3 tablespoons of paste),3 Onion - chopped,1 teaspoon Cumin powder (Jeera),Salt - to taste,1 teaspoon Garam masala powder,4 tablespoons Homemade tomato puree,1 tablespoon Ginger Garlic Paste - ginger garlic paste 1 tbsp,1 kg Boneless chicken - cut to bite size,1 tablespoon Ghee,2 tablespoons Sunflower Oil,1 cup Fresh Pomegranate Fruit Kernels - blended,3 tablespoons Fresh cream,3 tablespoons Curd (Dahi / Yogurt)"
Chicken Pasanda Recipe,"1 teaspoon Turmeric powder (Haldi),500 grams Chicken breasts,2 teaspoons Sunflower Oil,1 inch Cinnamon Stick (Dalchini),1 teaspoon Cumin seeds (Jeera),1 Cardamom (Elaichi) Pods/Seeds,4 cloves Garlic - finely chopped,2 Onions - sliced,2 Dry Red Chillies,1 teaspoon Coriander (Dhania) Seeds,1 Bay leaf (tej patta),1/2 cup Curd (Dahi / Yogurt),2 Tomatoes - chopped,Salt - as per taste,1 inch Ginger - finely chopped,1 teaspoon Whole Black Peppercorns"
Konaseema Kodi Kura Recipe - Andhra Style Chicken Curry,"2 Green Chillies,2 Dry Red Chilli,1 cup Homemade tomato puree,1 Tablespoon Ginger Garlic Paste,3 tablespoon Raw Peanuts (Moongphali),2 teaspoon Poppy seeds,Salt - to taste,1 teaspoon Red Chilli powder,1/2 teaspoon Garam masala powder,1/4 cup Coconut milk,1-1/2 teaspoon Cumin powder (Jeera),4 Curry leaves,2 Onion - chopped,1-1/2 teaspoon Coriander Powder (Dhania),Sunflower Oil - as required,1/2 Kg Chicken - washed & cleaned,Coriander (Dhania) Leaves - few (chopped)"
Kongunadu Chicken Curry Recipe,"1/2 teaspoon Turmeric powder (Haldi),2 tablespoon Fresh coconut,1 teaspoon Poppy seeds,1 teaspoon Ginger Garlic Paste,1/2 teaspoon Fennel seeds (Saunf),1 inch Cinnamon Stick (Dalchini),Salt - to taste,1 teaspoon Cumin seeds (Jeera),3 Dry Red Chillies,1 teaspoon Red Chilli powder,1 Onion - chopped,2 tablespoon Coriander Powder (Dhania),200 grams Chicken breasts - cut into small pieces,1 teaspoon Fennel seeds (Saunf),2 Tomatoes - chopped,1 Lemon juice,2 Cloves (Laung),4 cloves Garlic - chopped,Sunflower Oil,1 teaspoon Whole Black Peppercorns"
Murgh Palak Recipe - Chicken In A Palak Gravy,"2 Green Chillies,1 teaspoon Red Chilli powder,Salt - a pinch,1 Onion - chopped,1 teaspoon Coriander Powder (Dhania),1 tablespoon Ghee,2 cups Water,1 Tomato - chopped,1 teaspoon Ginger Garlic Paste,Salt - to taste,3 Cardamom (Elaichi) Pods/Seeds,1/4 cup Fresh cream,500 grams Chicken - medium pieces with the bone,250 grams Spinach Leaves (Palak) - cleaned,4 cloves Garlic,1/2 inch Ginger,1 tablespoon Butter,1 tablespoon Sunflower Oil,1/4 teaspoon Methi Seeds (Fenugreek Seeds),2 tablespoons Curd (Dahi / Yogurt),1 teaspoon Kasuri Methi (Dried Fenugreek Leaves),1/2 teaspoon Turmeric powder (Haldi),1 cup Chilled water,1 inch Cinnamon Stick (Dalchini),5 cloves Garlic,1 teaspoon Cumin seeds (Jeera),1/2 teaspoon Garam masala powder,1 Bay leaf (tej patta)"
Japanese Style Chicken Katsu Curry Recipe,"Salt - salt to taste,1/2 tablespoon Cumin seeds (Jeera),1 teaspoon Nutmeg powder,300 grams Chicken breasts - cut into cubes,2 tablespoons All Purpose Flour (Maida),1 Star anise,2 Cardamom (Elaichi) Pods/Seeds,2 Onions - sliced,1/2 cup Apple - cut into thin strips,1 teaspoon Ginger,2 Cloves (Laung),2 tablespoon Tomato Ketchup,2 Potatoes (Aloo) - boiled,1/2 teaspoon Turmeric powder (Haldi),1 tablespoon Coriander (Dhania) Seeds,3 Dry Red Chillies,1 inch Cinnamon Stick (Dalchini),1 Carrot (Gajjar) - cut into cubes,2 teaspoons Garlic,1 teaspoon Honey,1 teaspoon Fennel seeds (Saunf),1 cup Water,6 Black pepper corns,1 teaspoon Sunflower Oil,2 tablespoons Butter,1 teaspoon Black pepper powder,1/8 teaspoon Methi Seeds (Fenugreek Seeds)"
Kerala Chicken Curry Recipe - Nadan Kozhi Curry,"2 Green Chillies,2 tablespoon Red Chilli powder,1 tablespoon Coriander Powder (Dhania),Salt - as per your taste,1 teaspoon Garam masala powder,6 cloves Garlic - crushed or a coarse paste,2 teaspoons Red Chilli powder,1 tablespoon Fennel Powder,2 tablespoons Coconut Oil,1-1/2 teaspoons Salt,1 cup Coconut milk - thick,500 grams Chicken - curry-cut with bones,1 inch Ginger - crushed or a coarse paste,1 teaspoon Turmeric powder (Haldi),2 Onions - thinly sliced,1 Tomato - chopped,1 sprig Curry leaves"
Rosemary Chicken Rice Recipe With Spicy Tomato Garlic Sauce,"3/4 cup Homemade tomato puree,1 tablespoon Extra Virgin Olive Oil,1 Carrot (Gajjar) - grated,Salt - to taste,1 cup Rice,1 teaspoon Rosemary,8 Basil leaves - roughly torn,1 teaspoon Extra Virgin Olive Oil,1/2 teaspoon Sugar,2 tablespoons Fresh cream,150 grams Chicken breasts - cut into 1 inch cubes,1/2 teaspoon Paprika powder,1 teaspoon Tabasco Original - Hot Sauce,1 tablespoon Garlic - finely chopped,1 Onion - thinly sliced"
Delicious Butter Chicken Pani Puri Recipe,"2 teaspoon Lemon juice,1/4 cup Green Chutney (Coriander & Mint),1 teaspoon Cumin powder (Jeera),2 tablespoons Mint Leaves (Pudina),Puris used for Pani Puri,Coriander (Dhania) Leaves - to garnish,1/4 cup Hung Curd (Greek Yogurt),1 teaspoon Garam masala powder,Salt - to taste,2 tablespoons Coriander (Dhania) Leaves,1 inch Ginger - finely chopped,4 cloves Garlic - finely chopped,Pickled onions,1/2 teaspoon Mustard oil,1 teaspoon Kasuri Methi (Dried Fenugreek Leaves),1/2 teaspoon Turmeric powder (Haldi),3 teaspoons Red Chilli powder,2 tablespoon Butter,1 Chicken breasts - shredded,1 teaspoon Honey,1-1/2 teaspoon Coriander Powder (Dhania),1/8 cup Tomato Ketchup,1 teaspoon Amchur (Dry Mango Powder),1/4 cup Homemade tomato puree"
Indian Chicken Keema Sliders Recipe,"1/2 kg Chicken - minced,1 Inch Ginger - chopped,Salt - to taste,2 Star anise,1/2 teaspoon Black pepper powder,3 tablespoon Coriander (Dhania) Seeds,4 Black pepper corns,4 Onions - chopped,4 cloves Garlic - chopped,1 tablespoon Lemon juice,15 Burger buns - for sliders (small),3 Kashmiri dry red chillies,2 Cinnamon Stick (Dalchini),3 Cloves (Laung),1/2 teaspoon Red Chilli powder,2 tablespoon Butter,1 teaspoon Cumin seeds (Jeera),2-3 tablespoon Coriander (Dhania) Leaves - chopped,6 Tomatoes - chopped,1-1/2 cup Curd (Dahi / Yogurt),2 Green Chillies - slit lengthwise"
One Pot Pressure Cooker Chicken Curry Recipe,"1/2 teaspoon Turmeric powder (Haldi),1 teaspoon Garam masala powder,Salt - to taste,300 grams Chicken breasts - cut into chunks,4 cloves Garlic - finely chopped,1 teaspoon Red Chilli powder,1 teaspoon Coriander Powder (Dhania),1 Onion - finely chopped,1 teaspoon Coconut Oil,2 Tomatoes - finely chopped,2 cups Water,1 inch Ginger - finely chopped,1 sprig Curry leaves"
Slow Cooker Mexican Chicken Stew Recipe,"1 Onion - sliced,1 teaspoon Cumin powder (Jeera),1 cup Sweet corn,1 Green Bell Pepper (Capsicum) - diced,1 cup Tomato - chopped,150 grams Chicken thighs - shredded,1 cup Chicken stock,1 teaspoon Red Chilli powder,2 Carrots (Gajjar) - diced,2 tablespoons Coriander (Dhania) Leaves - chopped,1 cup Black beans - (optional),2 teaspoons Lemon juice,1-1/2 teaspoons Salt and Pepper"
Chicken Meatballs In A Makhni Gravy Recipe,"Sunflower Oil - for shallow frying the meatballs,1/4 cup Whole Wheat Bread crumbs,Salt - as per you taste,1 Mace (Javitri),5 Tomatoes,8 cloves Garlic - finely chopped,3 tablespoons Fresh cream,3 Green Chillies - finely chopped,1 teaspoon Garam masala powder,2 Cardamom (Elaichi) Pods/Seeds,500 grams Chicken - cleaned and minced,2 tablespoons Honey,1 Onion - roughly chopped,1 tablespoon Kasuri Methi (Dried Fenugreek Leaves),2 sprig Coriander (Dhania) Leaves,1 tablespoons Sunflower Oil,2 tablespoon Butter,2 tablespoons Ginger Garlic Paste,1 Bay leaf (tej patta),1 Onion,3/4 cup Water,5 Dry Red Chillies"
Penne Rigate With Minced Chicken Sauce & Cheese Recipe,"450 grams Penne pasta - (I used whole wheat pasta),Salt - to taste,1/2 tablespoon Red Chilli flakes - or black pepper powder,2 tablespoons Extra Virgin Olive Oil,2 tablespoons Parmesan cheese - grated,1-1/2 cup Homemade tomato puree,6 cloves Garlic - minced,2 teaspoons Italian seasoning,1 cup Onion - chopped,450 grams Chicken - minced,1 teaspoon Dried basil leaves"
Spicy Minced Chicken Keema Balls Curry Recipe,"1 Onion - sliced,3 Green Chillies,Salt - as required,1/4 teaspoon Black pepper powder,1 teaspoon Ginger Garlic Paste,1 teaspoon Garam masala powder,1 Tomato - finely chopped,1 teaspoon Lemon juice,250 grams Chicken - boneless and minced (cleaned and washed),1 Whole Eggs,5 Coriander (Dhania) Leaves,6 Cashew nuts,1 tablespoon Sunflower Oil,5 Mint Leaves (Pudina) - chopped,5 sprig Coriander (Dhania) Leaves - finely chopped to garnish,1 teaspoon Turmeric powder (Haldi),2 Onions - finely sliced,1 teaspoon Red Chilli powder - (adjust according to your choice)"
Omurice Recipe - Japanese Omelette Rice,"Salt - to taste,1/2 cup Mixed vegetables - chopped (green bell pepper and red bell pepper are used here),1 Chicken thigh - cleaned and cut to bite size,1 teaspoon Milk,1 Onion - chopped,1 teaspoon Soy sauce,Black pepper powder - to taste,3 teaspoon Cheddar cheese - shredded,Roasted tomato pasta sauce - as needed,1 teaspoon Extra Virgin Olive Oil,1 cup Cooked rice,1 tablespoon Red Chilli sauce,2 Whole Eggs"
Keema Bhindi Masala Recipe - Okra & Minced Meat Curry,"250 grams Bhindi (Lady Finger/Okra) - cut into 1/2 inch pieces,8 cloves Garlic - finely chopped,1/2 teaspoon Turmeric powder (Haldi),1 cup Homemade tomato puree,Salt - to taste,2 teaspoons Coriander Powder (Dhania),2 teaspoons Garam masala powder,1 tablespoon Kasuri Methi (Dried Fenugreek Leaves),1 teaspoon Red Chilli powder,2 Green Chillies - slit,2 Onions - finely chopped,2 tablespoons Mustard oil,500 grams Chicken - cut into 1/2 inch pieces,Coriander (Dhania) Leaves - small bunch,1 inch Ginger - finely chopped,1 tablespoon Mustard oil"
Tomato Basil Chicken Curry Recipe,"1 teaspoon Sugar,2 Carrot (Gajjar) - cut diagonally,1 teaspoon Cumin powder (Jeera),1 cup Homemade tomato puree,2 tablespoon Paprika powder,Salt - to taste,1 tablespoon Dried Thyme Leaves,1 Onion - chopped,6 Basil leaves,Extra Virgin Olive Oil - for cooking,4 cloves Garlic - chopped,1 Chicken breasts - cut into chunks,1 tablespoon Rosemary"
Sindhi Style Chicken Curry Recipe Using Preethi Electric Pressure Cooker,"2 teaspoons Coriander (Dhania) Powder,Salt - as required,1/2 cup Curd (Dahi / Yogurt) - whisked well,1/2 teaspoon Turmeric powder (Haldi),1 tablespoon Coriander Powder (Dhania),1 teaspoon Garam masala powder,1 teaspoon Red Chilli powder,1 Black cardamom (Badi Elaichi),2 Onions - finely chopped,1 inch Cinnamon stick,3 Cardamom (Elaichi) Pods/Seeds,6 cloves Garlic - finely chopped,Coriander (Dhania) Leaves - handful,2 tablespoons Sunflower Oil,2 Cloves (Laung),1 Bay leaf (tej patta),500 grams Chicken - cleaned and washed,2 Tomatoes - finely chopped,1 inch Ginger - finely chopped,3 Green Chillies - finely chopped"
Chicken Ranch Wraps Recipe,"Ranch Sauce,Salt - to taste,Lettuce leaves - as required,1/2 Cup Cheese - grated,2 teaspoon Red Chilli flakes,2 Onion - diced,1 Tablespoon Black pepper powder,2 teaspoon Dried oregano,5 Cherry tomatoes - diced,2 Chicken breasts - thoroughly washed & cleaned,4 Tortillas,1 Cucumber - diced"
Amritsari Murgh Makhani Recipe- Chicken Makhani Recipe,"1 teaspoon Lemon juice,1 teaspoon Red Chilli powder,1 teaspoon Coriander (Dhania) Seeds,1/2 cup Curd (Dahi / Yogurt),1/4 teaspoon Nutmeg powder,1 teaspoon Whole Black Peppercorns,Salt - to taste,2 Cardamom (Elaichi) Pods/Seeds,2 Onions - roughly chopped,1 Green Chilli - roughly chopped,Coriander (Dhania) Leaves - a few chopped,1 teaspoon Turmeric powder (Haldi),1 inch Ginger - roughly chopped,1/2 teaspoon Cumin seeds (Jeera),4 cloves Garlic,1 cup Homemade tomato puree,1 Black cardamom (Badi Elaichi),3 Cloves (Laung),2 tablespoons Fresh cream,5 Cashew nuts - for garnish,1/2 teaspoon Turmeric powder (Haldi),1 teaspoon Dry ginger powder,1 inch Cinnamon Stick (Dalchini),300 grams Chicken breasts - cut into chunks,1 Bay leaf (tej patta),Sunflower Oil"
Mexican Cottage Cheese Chicken Enchilada Recipe,"3 Tortillas,1 cup Paneer (Homemade Cottage Cheese) - grated,2 Chicken breasts,Salt - to taste,1/2 cup Cheddar cheese - grated,Black pepper powder - to taste,1 Onion,1/4 cup Green Bell Pepper (Capsicum) - ¼ cup green capsicum,2 Pickled Jalapenos - sliced,1 cup Sour cream - whisked,1 teaspoon Extra Virgin Olive Oil,1 teaspoon Taco seasoning,1 cup Tomato Basil Pasta Sauce"
Cheesy Chicken Tikka Recipe,"2 teaspoons Corn flour,5 tablespoons Coriander (Dhania) Leaves - finely chopped,4 tablespoons Fresh cream,Butter - for brushing,Salt - to taste,1 teaspoon Lemon juice,1/2 Tomato - sliced,1/2 Onion - sliced,1/2 teaspoon Garam masala powder,1 Whole Egg,1/4 teaspoon Nutmeg powder,1/4 teaspoon Mace powder,1 cup Cheese - grated,500 grams Boneless chicken - Boneless Chicken – 500 gms (Preferably thigh pieces),2 teaspoons Ginger - grated,3 teaspoons Garlic - minced,1 teaspoon Black pepper powder,3 Green Chillies - finely chopped"
Chilli Chicken Cheese Quesadilla Recipe,"1/4 cup Green Bell Pepper (Capsicum) - sliced,1/2 tablespoon Soy sauce,2 Green Chillies - slit,1/3 cup Spring Onion (Bulb & Greens) - chopped,6 cloves Garlic - finely chopped,1/2 cup Mozzarella cheese - grated,2 inch Ginger - finely chopped,1 tablespoon Tomato Ketchup,1 Salt - to taste,1 tablespoon Sweet and Spicy Red Chilli Sauce (Tomato Chilli Sauce),1 tablespoon Corn flour,1 teaspoon Sunflower Oil,300 grams Chicken breasts - cut into strips,4 tablespoons Butter - softened,4 Tortillas"
Chicken Dum Biryani Recipe,"3 Onions - sliced thin,20 gram Garlic - ground to paste,1 tablespoon Garam masala powder,4 Tomatoes - finely chopped,2 tablespoon Red Chilli powder,20 gram Ginger - ground to paste,4 Green Chillies - slit at the center,Ghee - as needed,Salt - to taste,1/2 cup Hung Curd (Greek Yogurt),Salt - as required,1 tablespoon Red Chilli powder,2 tablespoon Coriander Powder (Dhania),4 cups Basmati rice,1/2 cup Coriander (Dhania) Leaves - finely chopped,1 kg Chicken - with bone,1 teaspoon Turmeric powder (Haldi),Sunflower Oil - as needed,1/2 cup Mint Leaves (Pudina) - finely chopped"
Mexican Style Red Chicken Chilaquiles Recipe,"1 teaspoon Sugar,3 teaspoons Dried oregano,2 Tortillas,1 sprig Dried Thyme Leaves,Salt - to taste,1 Onion - chopped,2 Onion - chopped,6 cloves Garlic - chopped,2 tablespoons Tomato Ketchup,150 grams Chicken breasts,2 cloves Garlic - Chopped,2 teaspoons Red Chilli powder,5 Tomatoes - chopped,2 teaspoons Dried Thyme Leaves,2 tablespoons Cheese"
Chicken Spaghetti in Tomato Basil Sauce Recipe,"1 teaspoon Sugar,100 grams Chicken breasts - cut into pieces,3 tablespoons Extra Virgin Olive Oil,3 sprig Coriander (Dhania) Leaves - chopped,Salt - to taste,1 teaspoon Tarragon,1 Onion - chopped,150 grams Spaghetti Pasta,1 teaspoon Red Chilli flakes,1 teaspoon Rosemary,5 Tomatoes - cut into half,4 cloves Garlic - chopped"
Chilli Chicken Recipe - Delicious Indian Style Chinese Chicken,"3 Green Chillies,Sunflower Oil - oil for frying,1 teaspoon White vinegar,1 cup Chicken breasts - boneless,3 teaspoon Corn flour,1 tablespoon Soy sauce,3 tablespoon Sunflower Oil,1 teaspoon Ginger Garlic Paste,1 Onion - cubed,5 teaspoon Red Chilli sauce,1 tablespoon Tomato Ketchup,Coriander (Dhania) Leaves - as required for garnish,1/2 teaspoon Salt,1/4 cup Water,Spring Onion (Bulb & Greens) - as required for garnish,1/2 cup Green Bell Pepper (Capsicum) - cubed,1 Egg white"
Achari Chicken Masala Pasta Recipe,"3 Dry Red Chillies,Salt - to taste,2 cups Penne pasta,6 cloves Garlic - finely chopped,3/4 cup Milk,2 Chicken breasts - cut into strips,1 teaspoon Nutralite Garlic & Oregano Spread,3 tablespoons Achari Mayo,1/2 cup Homemade tomato puree,2 Onions - thinly sliced"
Tandoori Chicken Curry Recipe,"1/2 Tablespoon Tandoori masala,1 Bay leaves (tej patta),1 Onion - finely chopped,1 Tablespoon Curd (Dahi / Yogurt),3 Whole Black Peppercorns,1 Tablespoons Kashmiri Red Chilli Powder,750 Kg Chicken,1/2 teaspoon Fennel seeds (Saunf),Salt - to taste,1/2 Tablespoon Ginger Garlic Paste,1 teaspoon Turmeric powder (Haldi),1 Tomatoes - finely chopped,Coriander (Dhania) Leaves - small bunch,3 Cloves (Laung),1 teaspoon Kasuri Methi (Dried Fenugreek Leaves),1 Tablespoon Fresh cream - (Optional just to give thickness to gravy),1 tablespoons Sunflower Oil,1 inch Cinnamon Stick (Dalchini),3/4 Cup Water,2 Green Chillies - chopped,1/2 Tablespoon Onion powder"
Spicy Pepper Chicken Recipe,"Salt - as required,Curry leaves - handful,3 Onions - sliced finely,1 tablespoon Fennel seeds (Saunf),1 Tomato - deseeded,Coriander (Dhania) Leaves - Handful,1 tablespoon Cumin seeds (Jeera),1 cup Water,2 cups Chicken breasts - cut into medium sized pieces,1 tablespoon Ginger Garlic Paste,1/4 teaspoon Turmeric powder (Haldi),2 teaspoon Red Chilli powder,1 tablespoons Whole Black Peppercorns,Sunflower Oil - as required"
Gongura Chicken Curry Recipe," 1 tomato - chopped, 1/4 tsp fenugreek seeds, 6 cloves garlic - finely chopped, 1 tsp sesame seeds Oil, 4 cloves garlic, 2 cups gongura - clean and chop, 1/2 tsp turmeric powder, 1 tsp garam masala powder, 2 onions - chopped, 2 tbsp sesame oil, 1 inch ginger - finely chopped, 1 tsp fennel seeds, 4 dry red chillies, salt - as per taste, 4 green chillies - cut straight and thin,500 grams of chicken, 1 tbsp coriander seeds"
Thalassery Chicken Biriyani Recipe,"1 tablespoon Cashew nuts,300 grams Chicken - curry cut,1 teaspoon Red Chilli powder,1/4 cup Mint Leaves (Pudina) - chopped,5 Cloves (Laung),1 tablespoon Ghee,3 Tomatoes - chopped,3 Green Chilli,Salt - to taste,2 Onions - sliced,1/2 cup Milk,2 Bay leaves (tej patta),1 tablespoon Whole Black Peppercorns,1 cup Red matta rice - washed thoroughly,5 Saffron strands,1 Lemon juice,1/2 teaspoon Turmeric powder (Haldi),1/4 cup Coriander (Dhania) Leaves - chopped,1 inch Cinnamon Stick (Dalchini),5 cloves Garlic,1 Cardamom (Elaichi) Pods/Seeds,1 inch Ginger,2 tablespoon Garam masala powder"
Moroccan Chicken Stew Recipe With Sauteed Zucchini & Onion Dressing,"2 Stalks Celery - sliced,1 teaspoon Ginger - minced,3/4 teaspoon Cumin powder (Jeera) - freshly ground,1 cup Tomato - crushed,1 Green zucchini - sliced,Salt - to taste,1 cup Kabuli Chana (White Chickpeas) - soaked overnight,1/4 teaspoon Cayenne Pepper - ground,1/2 teaspoon Dried oregano,1 teaspoon Lemon juice,2 Carrots (Gajjar) - chopped,1 Onion - chopped,2 cloves Garlic - chopped,500 grams Boneless chicken - breasts,Strawberries - few,1-1/2 cups Water - (adjust),Onion - few slices,1/4 teaspoon Turmeric powder (Haldi) - freshly ground,1/2 teaspoon Paprika powder,Green zucchini - few slices"
Bhuna Murgh Recipe,"4 Whole Black Peppercorns,1 teaspoon Red Chilli powder,2 tablespoon Ghee - or oil,2 Black cardamom (Badi Elaichi),750 grams Chicken,1 tablespoon Cashew nuts - paste (optional),1 teaspoon Garam masala powder,Salt - to taste,4 Green Chillies - slit,2 Cardamom (Elaichi) Pods/Seeds,2 teaspoon Coriander Powder (Dhania),1/2 teaspoon Ajwain (Carom seeds),3 Tomato - finely chopped or pureed,1 tablespoon Lemon juice - adjustable,2 inch Ginger - minced,2 Onion - finely chopped,8 cloves Garlic - roughly pounded,1 teaspoon Kasuri Methi (Dried Fenugreek Leaves),1/2 teaspoon Turmeric powder (Haldi),1 inch Cinnamon Stick (Dalchini),1 Bay leaf (tej patta),1 Star anise,4 Cloves (Laung)"
Chicken Tikka Masala Recipe,"1 teaspoon Cumin powder (Jeera),1 teaspoon Coriander Powder (Dhania),1/2 cup Curd (Dahi / Yogurt),1 tablespoon Butter (unsalted),Sunflower Oil - as required,1 Cloves (Laung),1/4 teaspoon Cinnamon Powder (Dalchini),Salt - to taste,1/2 cup Fresh cream,5 Cashew nuts,1 inch Ginger - finely chopped,Salt - as required,1 tablespoon Kasuri Methi (Dried Fenugreek Leaves),300 grams Chicken - cut into small size pieces,6 cloves Garlic - finely chopped,1/2 teaspoon Red Chilli powder,1/2 teaspoon Turmeric powder (Haldi),1 Tomato,1-1/2 teaspoon Coriander Powder (Dhania),1/4 teaspoon Cardamom Powder (Elaichi),1 Onion"
Thalapakattu Chicken Biryani Recipe,"3 Dagad phool (/pathar phool/black stone flower),1 Onion - chopped,2 teaspoon Fennel seeds (Saunf),1 Tomato - chopped,1 tablespoon Red Chilli powder,Salt - to taste,1 Star anise,3 Cardamom (Elaichi) Pods/Seeds,1-1/2 cup Water,1 teaspoon Turmeric powder (Haldi),2 tablespoons Mint Leaves (Pudina) - chopped,1 cup Seeraga (Jeeraga) Samba rice,1 teaspoon Ginger - grated,3 Cloves (Laung),2 teaspoons Garlic - minced,1 tablespoon Coriander Powder (Dhania),1/4 cup Coriander (Dhania) Leaves - chopped,1/2 kg Chicken - cut into medium sized pieces,1 inch Cinnamon Stick (Dalchini),1 teaspoon Cumin seeds (Jeera),Sunflower Oil - to cook,3 Mace (Javitri),3 Green Chillies - slit"
Delicious One Pot Butter Chicken Khichdi Recipe,"4 Whole Black Peppercorns,1 Tomato - finely chopped,2 inch Ginger - finely chopped,1 Onion - thinly sliced,1 cup Chicken breasts - cut into strips,Salt - to taste,1 cup Rice - washed,Mint Leaves (Pudina) - finely chopped for garnish,2 cloves Cloves (Laung),2 teaspoons Red Chilli powder,¼ cup Homemade tomato puree,2 teaspoons Garam masala powder,6 cloves Garlic - crushed,3 1/2 cups Water,2 teaspoons Tandoori chicken masala - Everest brand,Coriander (Dhania) Leaves - finely chopped for garnish,2 teaspoons Kasuri Methi (Dried Fenugreek Leaves),2 Green Chilli - slit length ways,1 inch Cinnamon Stick (Dalchini),1 teaspoon Cumin seeds (Jeera),1 Cardamom (Elaichi) Pods/Seeds,2 tablespoons Butter,¼ cup Curd (Dahi / Yogurt),1 Bay leaf (tej patta),1 Star anise,2 teaspoons Cumin powder (Jeera)"
Mutton Keema Soup Recipe," 1 tomato - chopped, 4 cups chicken stock - or vegetable stock or water, 1 onion - chopped, 1/2 small Spoon black pepper powder, 3 green chillies - chopped, 1 tablespoon oil, 2 bay leaves, 1 sprig of thyme leaves - optional, salt - as per taste, 1/2 teaspoon turmeric powder, 2 tablespoons green coriander - chopped, 2 inch ginger - finely chopped,200 grams mutton - minced"
Green Chilli Chicken Fry Recipe,"2 inch Ginger,1 tablespoon Coriander Powder (Dhania),2 Onions,Water - as required,2 teaspoon Sunflower Oil,1 inch Cinnamon Stick (Dalchini),Salt - to taste,7 cloves Garlic,18 Green Chillies - adjust as per spice preference,2 tablespoon Coriander (Dhania) Leaves,3 Tomatoes,500 grams Chicken - cut into medium size pieces,4 Cloves (Laung),1/2 Lemon"
Schezwan Chicken Sizzler Recipe,"1 Onion - Diced,1 Chicken breasts - Cubed,1 Tablespoon Roasted tomato pasta sauce,1 Whole Egg,4 teaspoons Sunflower Oil,1 Tablespoon Light soy sauce,1 Carrot (Gajjar) - Blanched,1 Spring Onion Greens - chopped,1/4 cup Broccoli - (florets) Blanched,Salt - to taste,Spring Onion Greens - Few stalks,2 Tablespoon Ginger Garlic Paste,1 Yellow Bell Pepper (Capsicum) - diced,1 Red Bell pepper (Capsicum) - diced,1 Tablespoon Dark soy sauce,1/2 Tablespoon Dark soy sauce,1 Tablespoon White vinegar,3 Green Chillies - Chopped,1 Spring Onion (Bulb & Greens) - Chopped,2 teaspoon Black pepper powder,1 Tablespoon Sweet and Spicy Red Chilli Sauce (Tomato Chilli Sauce),8 Green beans (French Beans) - Blanched,1 Tablespoon Whole Wheat Flour,1 Inch Ginger - Julienned,Extra Virgin Olive Oil - to cook,3 Tablespoon Corn flour,2 Tablespoon Red Chilli sauce,2 teaspoons Sesame seeds (Til seeds),200 grams Hakka Noodles - Boiled,1 teaspoon Black pepper powder"
Chicken Pad Thai Noodles Recipe,"1 Onion - sliced,1 tablespoon Lemon juice,2 tablespoons Brown Sugar (Demerara Sugar),250 grams Rice Noodles (Flat),1 inch Ginger - chopped,2 Carrot (Gajjar) - julienned,1 tablespoon Fish sauce,2 tablespoons Peanut Butter,3 tablespoon Red Chilli flakes,Salt - to taste,2 tablespoon Sweet and Spicy Red Chilli Sauce (Tomato Chilli Sauce),1 Red Bell pepper (Capsicum) - sliced,2 tablespoon Soy sauce,1/4 cup Roasted Peanuts (Moongphali) - crushed,1 Green Bell Pepper (Capsicum) - sliced,4 cloves Garlic - chopped,100 grams Chicken breasts - cut into chunks,1 Yellow Bell Pepper (Capsicum) - sliced"
Mexican Chicken Burger Recipe With Sour Cream & Salsa,"2 tablespoons Butter - to spread,1 teaspoon Cumin powder (Jeera),2 tablespoons Tomato Salsa,1/3 cup Cheese - grated,Salt - to taste,2 tablespoons Pickled Jalapenos - finely chopped,1/2 teaspoon Black pepper powder,1/4 cup Coriander (Dhania) Leaves - finely chopped,1 Onion - finely chopped,1 Whole Egg,4 tablespoons Sour cream,2 Burger buns,4 tablespoons Tomato Salsa,3 cloves Garlic - finely chopped,1 Chicken breasts - minced,1 Onion - cut into rings"
Chicken Bharta Recipe - Dhaba Style Chicken Masala,"1 teaspoon Cumin powder (Jeera),1 teaspoon Coriander Powder (Dhania),Kewra essence - few drops,1 Onion - finely chopped,1 tablespoon Ginger Garlic Paste,1/4 cup Curd (Dahi / Yogurt),6 Cardamom (Elaichi) Pods/Seeds,4 tablespoon Cashew nuts,1 teaspoon Garam masala powder,Salt - to taste,1/4 cup Fresh cream,2 Tomatoes,Sugar - to taste,1 tablespoon Kasuri Methi (Dried Fenugreek Leaves),300 grams Chicken breasts - boneless,Coriander (Dhania) Leaves - for garnishing (chopped),1 tablespoon Butter,4 tablespoon Sunflower Oil,1 Black cardamom (Badi Elaichi),1/2 teaspoon Turmeric powder (Haldi),1 inch Cinnamon Stick (Dalchini),2 Green Chillies - finely chopped,1/2 teaspoon Kashmiri Red Chilli Powder,6 Cloves (Laung),1 Bay leaf (tej patta),2 Whole Egg - boiled"
Chicken Pizza With Caramelised Red Onion Recipe,"1 cup All Purpose Flour (Maida),1 tablespoon Dried Thyme Leaves,1 Onion - chopped,1 teaspoon Red Chilli flakes,Basil leaves - chopped,1/2 cup Mozzarella cheese - grated,1 cup Whole Wheat Flour - and some extra flour for dusting,2 teaspoons Active dry yeast,1 tablespoon Vinegar,4 Onions - sliced,100 grams Chicken breasts - cut into small pieces,1 tablespoon Sugar,Salt - to taste,2 tablespoons Honey,4 cloves Garlic - chopped,2 tablespoons Extra Virgin Olive Oil - and extra as needed,1 teaspoon Dried Thyme Leaves,Extra Virgin Olive Oil - for caramelising,Lukewarm Water - as required,1 teaspoon Tabasco Original - Hot Sauce,2 cups Homemade tomato puree,1 teaspoon Sugar,1 tablespoon Black pepper powder,Extra Virgin Olive Oil - for cooking,1 teaspoon Salt"
Kung Pao Chicken With Vegetable Fried Rice Recipe,"1 Green Bell Pepper (Capsicum) - diced,1 tablespoon Garlic - made into paste,1 teaspoon Whole Black Peppercorns - freshly crushed,1/4 cup Roasted Peanuts (Moongphali) - without husk,2-3 Dry Red Chilli - soaked in water and chopped,1 tablespoon Green Chilli - made into paste,2 teaspoons Vinegar,1 teaspoon Soy sauce,500 grams Boneless chicken - cut into small pieces,1 tablespoon Tomato Ketchup,1 teaspoon Ginger - grated,2 teaspoons Extra Virgin Olive Oil - or sesame oil,2 Spring Onion (Bulb & Greens) - chopped,1 teaspoon Salt"
Sri Lankan Chicken Curry Recipe,"1 tablespoon Red Chilli powder,2 Tomatoes - pureed,1 tablespoon Coriander Powder (Dhania),1/2 teaspoon Turmeric powder (Haldi),1 Lemongrass,2 sprig Curry leaves,Water - as required,Salt - to taste,12 cloves Garlic - finely chopped,2 Onions - finely chopped,1 Pandan leaf,500 grams Chicken - with bones,1-1/2 inch Ginger - finely chopped,Sunflower Oil - as required"
Peanut Butter Chicken Recipe,"2 tablespoon Sunflower Oil,1 Tomato,300 grams Chicken breasts - boneless,1/2 teaspoon Black pepper powder,3/4 cup Chicken stock,1 tablespoon Chilli oil - (can be substituted with 1/8 teaspoon smoked paprika),1/2 teaspoon Salt,1 Onion,3/4 cup Peanut Butter - smooth"
Naga Style Chicken With Bamboo Shoot Recipe,"2 Tomatoes - crushed in pestle & mortar,Spring Onion (Bulb & Greens) - few,Salt - to taste,1 kg Chicken,2 inch Ginger - grated,5 cloves Garlic - crushed,7/8 Green Chillies - crushed,1/2 cup Bamboo shoots - sliced,1/2 cup Cabbage (Patta Gobi/ Muttaikose) - sliced"
Murgh Masala Recipe - Chicken Tangdi Masala,"1 teaspoon Kashmiri Red Chilli Powder,1/2 teaspoon Turmeric powder (Haldi),1 teaspoon Ginger Garlic Paste,400 grams Chicken legs,1 inch Cinnamon Stick (Dalchini),1 tablespoon Lemon juice - to tenderize the chicken,1 teaspoon Salt - to tenderize the chicken,1 inch Ginger - finely chopped,1 Cardamom (Elaichi) Pods/Seeds,1/4 teaspoon Garam masala powder,3 tablespoons Homemade tomato puree,2 Onions - finely chopped,1/4 teaspoon Cumin powder (Jeera),1/2 tablespoon Honey,2 teaspoons Mustard oil,Salt - as per taste,1 Bay leaf (tej patta),2 tablespoons Curd (Dahi / Yogurt) - beaten,Coriander (Dhania) Leaves - finely chopped for garnish,1/2 teaspoon Red Chilli powder"
Chicken Barbecue Pizza Recipe,"1 teaspoon Sugar,1 tablespoons Extra Virgin Olive Oil - and extra as needed,1 teaspoon Dried Thyme Leaves,Salt - to taste,1 tablespoon Tabasco Original - Hot Sauce,1 Onion - chopped,1 teaspoon Red Chilli flakes,Lukewarm Water - as required,2 teaspoons Active dry yeast,2 tablespoons Barbeque sauce,4 cloves Garlic - chopped,3 cups Whole Wheat Flour - and some extra flour for dusting,100 grams Chicken breasts - cut into small pieces,2 cups Homemade tomato puree,1 teaspoon Salt"
Chettinad Dry Pepper Chicken Recipe," 2-1 / 2 tbsp. Black pepper powder, 1 onion, 1 tomato, oil - as per use, 1 tbsp coriander powder, 2 sprig curry leaves, 1 tbsp ginger garlic paste, 1 tsp cumin powder - compress, 1/2 tsp turmeric powder, coriander - for garnish, salt - as per taste, 1 tsp fennel Powder - roast,500 grams of chicken, water - as per use"
Methi Murgh Recipe - Chicken with Fenugreek Leaves,"200 grams Chicken - with bones,1/2 teaspoon Turmeric powder (Haldi),1 teaspoon Cumin powder (Jeera),1 inch Ginger - chopped,1 inch Cinnamon Stick (Dalchini),2 teaspoon Garam masala powder,Salt - to taste,2 Onions - sliced,1 teaspoon Fennel seeds (Saunf),2 cloves Garlic - crushed,2 Tomatoes - chopped,1 cup Methi Leaves (Fenugreek Leaves) - washed,2 teaspoon Red Chilli powder,Sunflower Oil - as required,1 teaspoon Whole Black Peppercorns"
Mexican Chicken Soup Recipe,"1 tablespoon Sweet corn,1/2 teaspoon Cumin powder (Jeera),1 tablespoons Lemon juice,Salt - to taste,2 tablespoons Canola Oil,1 Carrot (Gajjar) - chopped,1 Onion - chopped,2 tablespoons Coriander (Dhania) Leaves - chopped,1 Celery - chopped,4 cups Chicken stock,2 Tomatoes - chopped,2 Green Chilli - chopped,4 cloves Garlic - chopped,1/2 teaspoon Red Chilli powder,1/2 cup Chicken breasts - shredded ,1 teaspoon Dried oregano"
Milagai Bajji Stuffed with Masala Chicken Recipe,"4 Dry Red Chillies,3 tablespoon Fresh coconut,1/2 teaspoon Whole Black Peppercorns,1 inch Ginger - chopped,Salt - to taste,1 teaspoon Cumin seeds (Jeera),6 Badi hari mirch (Large Green Chilli),1 Onion - chopped,1 teaspoon Ajwain (Carom seeds),1 teaspoon Fennel seeds (Saunf),1 teaspoon Coriander (Dhania) Seeds,300 grams Chicken breasts - minced,1/2 cup Homemade tomato puree,4 cloves Garlic - chopped,Sunflower Oil"
Chicken Sandwich With Sweet Corn Recipe,"2 Iceberg lettuce - as needed,Whole Black Peppercorns - freshly ground to taste,Salt - to taste,3 tablespoon Sweet corn - boiled till tender,1 Onion - sliced to rings (about 5 slices),1 Tomato - sliced (4-5 slices),4 tablespoon Classic Mayonnaise (With Egg) - (garlic flavour tastes best),2 Hot Dog Bread,3 tablespoon Tomato Ketchup,1 Chicken breasts - pressure cooked till tender (3 whistles)"
Chicken Parmigiana Recipe,"1 teaspoon Sugar,Salt - to taste,1 teaspoon Red Chilli powder,1/2 cup Whole Wheat Bread crumbs,1 Whole Egg,1 Onion - chopped,1 teaspoon Red Chilli flakes,1 teaspoon Rosemary,1 teaspoon Salt and Pepper,4 tablespoon All Purpose Flour (Maida),1/8 cup Parmesan cheese - grated,4 cloves Garlic - chopped,Sunflower Oil,1 teaspoon Tabasco Original - Hot Sauce,2 cups Homemade tomato puree,1 Chicken breasts - cut diagonally thin,1/3 cup Mozzarella cheese - grated"
Chicken Manchurian Recipe,"1 tablespoon Soy sauce,3 tablespoons Red Chilli sauce,1 Whole Egg,1 teaspoon Soy sauce,1 teaspoon Chilli vinegar,2 inch Ginger - finely grated,300 grams Chicken - chopped to bite size pieces,1 cup Water,1 Green Bell Pepper (Capsicum) - thinly sliced,2 Green Chillies - finely chopped,2 tablespoons Corn flour,1 tablespoon Corn flour,1 pinch Salt,1/2 cup Spring Onion Greens - chopped,2 tablespoons Sunflower Oil,8 cloves Garlic - finely chopped,1 Onion - thinly sliced,1/4 cup Homemade tomato puree"
Mexican Chicken Meatball Chilli Stew Recipe,"1 tablespoon Paprika powder,1 inch Ginger - chopped,Salt - to taste,1 Onion - chopped,2 Onions - chopped,1 cup Rajma (Large Kidney Beans) - soaked overnight and cooked,200 grams Chicken - minced,2 Chipotle Chillies / Peppers - or dried red chilli will do,2 Tomatoes - chopped,1 tablespoon Cumin powder (Jeera),4 cloves Garlic - chopped,Sunflower Oil,1 Green zucchini - chopped,1 teaspoon Black pepper powder"
Arabian Chicken Mandi Recipe -Yemeni Style Rice & Chicken,"1 teaspoon Ghee,1 Onion - finely chopped,2 tablespoons Extra Virgin Olive Oil,1 tablespoon Ginger Garlic Paste,1 teaspoon Whole Black Peppercorns,3 Green Chillies,2 cups Basmati rice,Salt - to taste,2 Cardamom (Elaichi) Pods/Seeds,1 tablespoon Cloves (Laung),2 Bay leaves (tej patta),1/2 tablespoon Whole Black Peppercorns,1 tablespoon Cardamom (Elaichi) Pods/Seeds,3 Bay leaves (tej patta),2 tablespoons Butter - softened,2 inch Cinnamon Stick (Dalchini),2 Cloves (Laung),1/2 tablespoon Dry ginger powder,1/2 teaspoon Nutmeg powder,1 Tomato,4 cups Water,500 grams Chicken - with bones"
Shredded Chicken Tostadas Recipe,"Sunflower Oil - for deep frying,1 tablespoon Extra Virgin Olive Oil,1 cup Refried beans,Salt - to taste,1/2 cup Guacamole,5-6 Red Radish - sliced,1/2 cup Iceberg lettuce - packed,1/4 cup Tomato Salsa,1 Lemon juice,250 grams Boneless chicken,1 Onion - thin slices,1/4 cup Sour cream,1-1/2 teaspoon Black pepper powder,5 Tortillas"
Kakka Orotti Recipe - Steamed Mini Rice Balls in Chicken Gravy,"3 tablespoons Rice flour - adjustable,8 Curry leaves,1-1/2 cup Basmati rice - (or any long grain should work),1 Onion - finely chopped,1 tablespoon Ginger Garlic Paste,1/4 teaspoon Turmeric powder (Haldi),500 grams Chicken breasts - cut into cubes,2 cups Water,2 tablespoons Sunflower Oil,1 Tomato - chopped,Salt - to taste,1-1/4 teaspoon Fennel seeds (Saunf),3 Cardamom (Elaichi) Pods/Seeds,1/2 inch Cinnamon Stick (Dalchini),3/4 cup Fresh coconut - grated,2 teaspoons Kashmiri Red Chilli Powder,3 Cloves (Laung),1/4 cup Water - adjustable,1 cup Fresh coconut - grated,2 tablespoons Sunflower Oil - or coconut oil,1 tablespoon Coriander Powder (Dhania),Fresh coconut - paste (as required),1 teaspoon Rice - (same as you used for the dough),1/2 teaspoon Garam masala powder,1 Onion - diced roughly,1 teaspoon Fennel seeds (Saunf),1 cup Water"
Dum Murgh Aatishi Recipe - Spicy Smoked Chicken Recipe,"1 teaspoon Cumin powder (Jeera),1 teaspoon Red Chilli powder,1/2 teaspoon Poppy seeds,1/2 teaspoon Fennel seeds (Saunf),1/2 teaspoon Anardana Powder (Pomegranate Seed Powder),Salt - to taste,1/2 tablespoon Ginger Garlic Paste,4 Onions - chopped,1/2 cup Fresh cream,4 cloves Garlic - chopped,2 teaspoons Red Chilli powder,1 tablespoon Lemon juice,1 inch Ginger - chopped,1 cup Homemade tomato puree,1 inch Coal - for dum,500 grams Chicken - Boneless,8 Whole cashews,1 teaspoon Char Magaz,2 Dry Red Chillies,2 tablespoons Ghee,1/2 teaspoons Garam masala powder"
Chicken Kofta Curry Recipe,"1/2 teaspoon Turmeric powder (Haldi),1 teaspoon Garam masala powder,Salt - to taste,4 cloves Garlic - finely chopped,1 teaspoon Red Chilli powder,1 Onion - chopped,1 teaspoon Coriander Powder (Dhania),1 Onion - finely chopped,Coriander (Dhania) Leaves - small bucnh,2 inch Ginger - finely chopped,Coriander (Dhania) Leaves - small bunch,1/2 cup Fresh cream,Sunflower Oil,1 Chicken breasts - minced,1 tablespoon Honey,2 cups Homemade tomato puree"
Homemade Mole Sauce Recipe,"1 Onion - sliced,1 tablespoon Raw Peanuts (Moongphali),2 cloves Garlic,1 inch Cinnamon Stick (Dalchini),2 inch Dark chocolate,1 cup Chicken stock,Salt - to taste,1 tablespoon Butter,1 tablespoon Makki Ka Atta (Yellow Corn Meal Flour),1 tablespoon Raisins,2 Cloves (Laung),2 Tomatoes,2 Chipotle peppers,1 Star anise,1 teaspoon Black pepper powder,1 teaspoon Dried oregano"
Dragon Chicken Sizzler Recipe,"1 Onion - diced,2 Carrot (Gajjar) - diced,1 tablespoon Red Chilli flakes,1/2 cup Tomato Ketchup,6 Button mushrooms - diced,1 Whole Egg,2 Fresh Red chillies,2 tablespoons Corn flour,Ginger - peeled and minced,White pepper powder - to taste,500 grams Chicken - chicken 500 gm,1 Onion - peeled and diced,French Fries - few,Salt - to taste,Sunflower Oil - as required to fry the chicken,1 Carrot (Gajjar) - peeled and diced,1/2 teaspoon White pepper powder,4 Asparagus - diced,2 cups Fried Rice - chicken or plain,1/2 cup Schezwan sauce,1 tablespoon Sunflower Oil,1 teaspoon Sugar,1 Green Bell Pepper (Capsicum) - diced,Garlic - peeled and minced,1 cup Teriyaki Sauce,100 grams Baby corn - baby corn 100 gm"
Chicken In Curry Leaves Gravy Recipe,"White pepper powder - (optional),2 Green Chillies,300 grams Boneless chicken - chopped,3/4 cup Curry leaves,Salt - to taste,Cherry tomatoes - to garnish,1 Onion - finely chopped,1/2 cup Coriander (Dhania) Leaves,2 tablespoons Ginger Garlic Paste,Sunflower Oil - to cook,1/2 cup Mint Leaves (Pudina),1 Lemon"
Chicken Curry With Sweet Potatoes Recipe,"1 Green Chilli - finely chopped,3 Cloves (Laung),2 Byadagi Dried Chillies,3 Whole Black Peppercorns,1 inch Cinnamon Stick (Dalchini),1 teaspoon Cumin seeds (Jeera),1 teaspoon Red Chilli powder,2 inch Ginger - grated,6 cloves Garlic - finely chopped,250 grams Chicken - cut into pieces with bones,5 sprig Coriander (Dhania) Leaves - finely chopped,1/2 cup Homemade tomato puree,1/2 cup Curd (Dahi / Yogurt),1 teaspoon Coriander (Dhania) Seeds,2 Sweet Potatoes - diced,1 teaspoon Sunflower Oil,1 teaspoon Turmeric powder (Haldi),1 Onion - thinly sliced,Salt - as per required"
Haryanvi Saag Gosht Recipe,"2 Green Chillies,1/2 teaspoon Mustard seeds,1 cup Tomatoes - chopped,2 Dry Red Chilli,1 inch Ginger - minced,1-1/2 teaspoon Red Chilli powder,1 tablespoon Coriander Powder (Dhania),1 teaspoon Cumin seeds (Jeera),1 tablespoon Cumin powder (Jeera),Salt - to taste,2 teaspoon Turmeric powder (Haldi),500 grams Chicken,6 Garlic - minced,2 cups Onions - chopped,Sunflower Oil - as required,2 cups Spinach"
Dhania Murgh Makhani Recipe,"1 Onion - sliced,1 tablespoon Garam masala powder,1 cup Curd (Dahi / Yogurt),4 cloves Garlic,1 inch Ginger - chopped,Salt - to taste,1 teaspoon Cumin seeds (Jeera),1 Cardamom (Elaichi) Pods/Seeds,2 Onions - sliced,2 Potatoes (Aloo) - skin peeled and cubed,1/2 cup Coriander (Dhania) Leaves,2 inch Cinnamon Stick (Dalchini),300 grams Chicken drumstick - cut into small pieces,1 Lemon juice,2 Green Chilli - chopped,1 teaspoon Turmeric powder (Haldi),1 Tomato - chopped,1 teaspoon Amchur (Dry Mango Powder)"
Coorgi Style Chicken Curry Recipe,"1 teaspoon Red Chilli powder,1 Onion - chopped,2 tablespoon Coriander (Dhania) Seeds,Salt - to taste,5 Green Chillies,20 Curry leaves,1 teaspoon Kachampuli,1 teaspoon Methi Seeds (Fenugreek Seeds),1 teaspoon Turmeric powder (Haldi),2 tablespoon Whole Black Peppercorns,4 Dry Red Chillies,1 tablespoon Cumin seeds (Jeera),1 tablespoon Sunflower Oil,2 Tomatoes - chopped,12 cloves Garlic,1 teaspoon Sugar,1 cup Fresh coconut - grated,1 kg Chicken,1 teaspoon Mustard seeds,1 inch Ginger,1 Cinnamon Stick (Dalchini),Sunflower Oil"
Butter Chicken With Tandoori Mayo Recipe,"1 Green Chilli - finely chopped,3/4 tablespoon Ginger - grated,1 teaspoon Red Chilli powder,1 teaspoon Coriander Powder (Dhania),4 tablespoon Fresh cream,1 teaspoon Sunflower Oil,3/4 tablespoon Garlic - grated,Sunflower Oil - as required,1 tablespoon Red Chilli powder,2 tablespoon Curd (Dahi / Yogurt),1/2 teaspoon Cumin powder (Jeera),1/2 inch Ginger - peeled and finely chopped,1/2 teaspoon Sugar,1 teaspoon Turmeric powder (Haldi),1/2 tablespoon Turmeric powder (Haldi),Coriander (Dhania) Leaves,1 tablespoon Lemon juice,Butter - as required,400 grams Boneless chicken - cubed to bite size (2-inches),1 tablespoon Butter,2 tablespoon Del Monte Tandoori Mayo,1 teaspoon Fresh cream,5 Tomatoes - chopped,1 tablespoon Del Monte Tandoori Mayo,1 tablespoon Coriander Powder (Dhania),2 tablespoon Butter,1 cup Water,2 Onion - chopped,1 tablespoon Cumin powder (Jeera),1 teaspoon Salt"
Achari Chicken Tikka Wrap Recipe,"1 Onion - sliced,300 grams Boneless chicken,1 tablespoon Lemon juice,1 tablespoon Red Chilli powder,1 Tomato - pulp removed and chopped,1 teaspoon Ginger Garlic Paste,1 tablespoon Gram flour (besan),1 tablespoon Garam masala powder,4 Lettuce leaves - or spinach leaves,1 teaspoon Cumin powder (Jeera),Salt - to taste,1 teaspoon Coriander Powder (Dhania),1 teaspoon Ajwain (Carom seeds),4 tablespoons Curd (Dahi / Yogurt),4 tablespoons Achari Mayo,1 teaspoon Turmeric powder (Haldi),4 Whole Wheat Tawa Paratha"
Chicken Jalfrezi Recipe - Chicken And Bell Peppers In Tomato Gravy,"1 Onion - diced,2 Carrots (Gajjar) - diced thin,1/2 teaspoon Turmeric powder (Haldi),1 Green Bell Pepper (Capsicum) - diced,1 cup Homemade tomato puree,1 teaspoon Garam masala powder,1 inch Ginger - grated,1 teaspoon Coriander Powder (Dhania),1 tablespoon Butter - softened,2 cloves Garlic - grated,1 Tomato - diced,1 teaspoon Honey,1 Stalk Coriander (Dhania) Leaves - finely chopped,250 grams Chicken breasts - cut into small pieces,1 Red Bell pepper (Capsicum) - diced,Salt,Sunflower Oil"
Chicken Wings With Bhuna Masala Recipe,"1 tablespoon Garam masala powder,1 inch Ginger - chopped,Salt - to taste,1 teaspoon Red Chilli powder,1 Onion - chopped,8 Chicken Wings,3 cloves Garlic - chopped,1/4 teaspoon Turmeric powder (Haldi),1 tablespoon Cumin powder (Jeera),1 Tomato - chopped"
Mutton Keema Soup Recipe,"1/2 teaspoon Turmeric powder (Haldi),200 Grams Mutton - minced (keema),Salt - to taste,1 Tablespoon Sunflower Oil,1/2 teaspoon Black pepper powder,1 Onion - chopped,2 Bay leaves (tej patta),3 Green Chillies - chopped,2 Tablespoon Coriander (Dhania) Leaves - chopped,1 Sprig Fresh Thyme leaves - (Optional),2 inch Ginger - finely chopped,4 Cups Chicken stock - or vegetable stock or water,1 Tomato - chopped"
Spicy & Tangy Goan Chicken Stew Recipe With Vegetables,"2 Potato (Aloo) - peeled and diced,1 tablespoon Lemon juice,1 tablespoon Coriander Powder (Dhania),1 tablespoon Black pepper powder,Water - as required,500 grams Chicken - (preferably with bones),4 tablespoons Tamarind Paste,Salt - to taste,1 Tomato - finely chopped,4 Green Chillies - slit,1 teaspoon Red Chilli powder,2 Carrots (Gajjar) - chopped,1 Onion - finely chopped,1/3 cup Green peas (Matar),6 cloves Garlic - finely chopped,1-1/2 teaspoon Cumin powder (Jeera),1 tablespoon Gingelly oil,1 inch Ginger - finely chopped,1 teaspoon Salt"
Mughlai Style Chicken Changezi Recipe,"2 tablespoon Curd (Dahi / Yogurt),1 tablespoon Coriander Powder (Dhania),3/4 teaspoon Cumin powder (Jeera),1/2 teaspoon Turmeric powder (Haldi),1 teaspoon Ginger Garlic Paste,1 cup Homemade tomato puree,Salt - to taste,1-1/2 teaspoon Kashmiri Red Chilli Powder,750 grams Chicken - cleaned,4 tablespoons Sunflower Oil,1 tablespoon Ginger - finely chopped,1/2 teaspoon Kasuri Methi (Dried Fenugreek Leaves),2 Onions - chopped,2 tablespoon Fresh cream,Red Chilli powder - Red chili powder to taste,2 tablespoons Sunflower Oil,1 tablespoon Garlic - finely chopped"
Ginger Garlic Chicken Recipe,"2 teaspoons Corn flour,2 tablespoons Sprig Ginger Teriyaki Sauce -,Salt - to taste,1/2 teaspoon Black pepper powder -,1 teaspoon Chilli vinegar - chilli vinegar,1 Onion - cut into cubes,1/2 teaspoon Honey,2 tablespoon Garlic - finely chopped,3 tablespoon Ginger - finely chopped,2 Green Chilli - chopped,1 tablespoon Sweet and Spicy Red Chilli Sauce (Tomato Chilli Sauce),1/4 cup Spring Onion Greens,1 teaspoon Soy sauce - soy sauce,1 tablespoon Schezwan sauce,3 Chicken breasts - cut into 1 inch cubes"
Pumpkin Curry With Chicken Recipe,"Salt - as required,Sunflower Oil,1 teaspoon Cumin powder (Jeera),1 teaspoon Garam masala powder,1 teaspoon Red Chilli powder,1 teaspoon Coriander Powder (Dhania),Coriander (Dhania) Leaves - A small bunch,3/4 teaspoon Turmeric powder (Haldi),1/2 cup Homemade tomato puree,3 cloves Garlic - chopped,1 Onion - roughly chopped,1 inch Ginger - roughly chopped,400 grams Chicken breasts - cut into small pieces,500 grams Kaddu (Parangikai/ Pumpkin),2 Green Chilli - finely chopped"
Pan Fried Chinese Chilli Chicken recipe,"3 tablespoons Extra Virgin Olive Oil,3 tablespoons Soy sauce,2 tablespoons Red Chilli sauce,2 teaspoons Tomato Ketchup,1 tablespoon Soy sauce,3 tablespoons Honey,6 Green Chillies - slit vertically,1 teaspoon Whole Black Peppercorns - coarsely pounded,1 teaspoon Red Chilli powder,1 Whole Eggs,1 Onion - cut to half and layers separated,500 grams Boneless chicken - breasts,1 Red Yellow and Green Bell Peppers (Capsicum) - cut into 1-inch squares,2 Stalks Spring Onion (Bulb & Greens) - finely chopped,6-8 cloves Garlic - minced,1 tablespoon Rice flour"
Chinese Dragon Chicken With Vegetables Recipe,"1/2 cup Tomato Ketchup,1/2 Green Bell Pepper (Capsicum) - cubed,Sunflower Oil - as required,200 gram Button mushrooms - sliced,1/2 Yellow Bell Pepper (Capsicum) - cubed,10 Cashew nuts - optional,200 gram Baby corn - cut into one-inch cubes,1/2 Red Bell pepper (Capsicum) - cubed,1 Onion - cubed,2 Carrots (Gajjar) - diced,3-4 tablespoons Red Chilli sauce,2 tablespoons Ginger Garlic Paste,2 tablespoon Corn flour,1 kg Chicken - boneless,1.5 tablespoon Red Chilli flakes,1 tablespoon Honey,2-3 Fresh Red Chilli,2 Whole Eggs - beaten"
Savoury Crepes with Za'atar Spiced Chicken Recipe,"1-1/2 cup Milk,1 Tomato - deseeded and chopped finely,250 grams Boneless chicken - diced into 1/2 inch cubes,1-1/2 cup Whole Wheat Flour,Salt - to taste,1 tablespoon All Purpose Flour (Maida),1 teaspoon Lemon juice,1-1/2 Dijon Mustard - (adjust as per preference),1 teaspoon Coriander (Dhania) Leaves - chopped,1 teaspoon Paprika powder - smoked,Black pepper powder - to taste,1/2 cup Milk,3 Whole Eggs,1 tablespoon Za'atar - (middle eastern herb),1-1/2 teaspoon Sugar,1 pinch Salt,1/2 cup Fresh cream,1/2 Red Bell pepper (Capsicum) - cut into small chunks,2 tablespoons Butter"
Grilled Basil Pesto Chicken Sub Sandwich Recipe,"1 tablespoon Extra Virgin Olive Oil,1/4 cup Parmesan cheese - grated (optional),Salt - to taste,1 teaspoon Lemon juice,2 Cheese Slices,4 cloves Garlic - finely chopped,1 Chicken breasts,2 tablespoons Walnuts - toasted,2 tablespoons Garlic Butter,1/2 tablespoon Whole Black Peppercorns - coarsely pounded,1 tablespoon Fresh cream,2 Hot Dog Bread,2 tablespoons Classic Mayonnaise (With Egg),1 Tomato - thinly sliced,125 grams Basil leaves - with stems removed,2 tablespoons Sweet and Spicy Red Chilli Sauce (Tomato Chilli Sauce)"
Thai Basil Chicken Recipe-Pad Krapow Gai,"2 1/2 tablespoons Sunflower Oil,1/4 cup Corn flour,300 grams Chicken - cut into small pieces,1 tablespoon Soy sauce,1 Green bell peppers - sliced,1 Whole Egg,Salt and Pepper - to taste,1 cup Water,1 tablespoon Corn flour,4 cloves Garlic - chopped,5 sprig Basil leaves,1 teaspoon Tomato Ketchup,2 tablespoon Red Chilli sauce,2 Fresh Red chillies - chopped"